<?xml version="1.0" encoding="UTF-8"?><artifacts>
    <artifact name="GrandOakEndpoint" groupId="com.example.endpoint" version="1.0.0" type="synapse/endpoint" serverRole="EnterpriseServiceBus">
        <file>src/main/synapse-config/endpoints/GrandOakEndpoint.xml</file>
    </artifact>
    <artifact name="PineValleyEndpoint" groupId="com.example.endpoint" version="1.0.0" type="synapse/endpoint" serverRole="EnterpriseServiceBus">
        <file>src/main/synapse-config/endpoints/PineValleyEndpoint.xml</file>
    </artifact>
    <artifact name="HealthcareAPI" groupId="com.example.api" version="1.0.0" type="synapse/api" serverRole="EnterpriseServiceBus">
        <file>src/main/synapse-config/api/HealthcareAPI.xml</file>
    </artifact>
</artifacts>
